[
    {
        "to": "/",
        "title": "home",
        "default": "Home",
        "intl_id": "nav.home"
    },
    {
        "to": "/about",
        "title": "about",
        "default": "About",
        "drop": true,
        "intl_id": "nav.about",
        "content": [
            {
                "to": "Messages",
                "title": "Messgaes",
                "default": "Messages"
            },
            {
                "to": "BPKIHS",
                "title": "BPKIHS",
                "default": "BPKIHS"
            },
            {
                "to": "EDCD",
                "title": "EDCD",
                "default": "EDCD"
            },
            {
                "to": "Implementing_Partners",
                "title": "Implementing Partners",
                "default": "Implementing Partners"
            },
            {
                "to": "Our_Friends",
                "title": "Our Friends",
                "default": "Our Friends"
            }
        ]
    },
    {
        "to": "/snakes_and_snakebites",
        "title": "snakes_and_snakebites",
        "default": "Snakes & Snakebites",
        "intl_id": "nav.sns"
    },
    {
        "to": "/news",
        "title": "news",
        "intl_id": "nav.news",
        "default": "News"
    },
    {
        "to": "/antivenom",
        "title": "antivenom",
        "default": "Antivenom Centers",
        "intl_id": "nav.avc",
        "drop": true,
        "content": [
            {
                "to": "ECDC_Centers",
                "title": "ECDC Centers",
                "default": "ECDC Centers"
            },
            {
                "to": "Nepal_Red_Cross_Centers",
                "title": "Nepal Red Cross Centers",
                "default": "Nepal Red Cross Centers"
            },
            {
                "to": "Nepal_Army_Centers",
                "title": "Nepal Army Centers",
                "default": "Nepal Army Centers"
            }
        ]
    },
    {
        "to": "/snakes_art",
        "title": "Snakes_art",
        "intl_id": "nav.snc",
        "default": "Snakes in Art & Culture"
    },
    {
        "to": "/contact",
        "title": "contact",
        "intl_id": "nav.contact",
        "default": "Contact"
    }
]